Mean Daily Return (%),Volatility (Std Dev %),Maximum Daily Return (%),Minimum Daily Return (%)
0.053123975476053256,1.3765950407165677,17.74430765878636,-12.980464127060364
